filename	event_labels
Y--7jZxfzemI_0.000_3.182.wav	Dog
Y--L22BmDI6E_0.000_1.377.wav	Dog
Y--sIMPsphRI_0.000_9.696.wav	Dog
Y-1TeQpwlZGs_0.000_10.000.wav	Vacuum_cleaner
Y-1UleAsNU_4_0.000_5.840.wav	Dog
Y-24cKdvEPHs_0.000_6.193.wav	Dog
Y-2FVPRdbLdA_0.000_7.868.wav	Running_water
Y-2XABjjB1tU_0.000_0.908.wav	Dog
Y-37X0bRVT0g_0.000_3.491.wav	Dog
Y-3G-bs5JaW8_0.000_8.435.wav	Vacuum_cleaner
Y-3L1zkUbHt8_0.000_7.507.wav	Dog
Y-3WtffZs4rk_0.000_3.349.wav	Vacuum_cleaner
Y-4H1EUXNl5s_0.000_10.000.wav	Dog
Y-4ROHZMW7t0_0.000_7.680.wav	Dog
Y-4i49rWLl1o_0.000_9.146.wav	Dog
Y-4oBn8qurR4_0.000_8.180.wav	Dog
Y-5SglSseBko_0.000_10.000.wav	Blender
Y-5rnGk2e1ao_0.000_4.976.wav	Dog
Y-64ZmjOBlE8_0.000_7.881.wav	Running_water
Y-6p32k2WUCs_0.000_9.395.wav	Alarm_bell_ringing
Y-799s1wQehA_0.000_10.000.wav	Dog
Y-7Y8Cmjdvuk_0.000_9.930.wav	Dog
Y-7khzUmnlm8_0.000_9.615.wav	Dog
Y-8kh4JEvkzw_0.000_8.007.wav	Vacuum_cleaner
Y-8myqx-cnlc_0.000_7.856.wav	Vacuum_cleaner
Y-9P1IlNEgsM_0.000_7.429.wav	Dog
Y-9YohOxYZ0Q_0.000_4.508.wav	Dog
Y-A1G9vEhK58_0.000_6.412.wav	Dog
Y-BEt_WLaM_8_0.000_4.009.wav	Dog
Y-CEC5RoRUbU_0.000_2.767.wav	Dog
Y-Dqd4YgZL0k_0.000_9.739.wav	Dog
Y-EM6qEqk_H0_0.000_8.217.wav	Dog
Y-EvFB12zCk8_0.000_6.010.wav	Blender
Y-F6GfPwjLWo_0.000_8.095.wav	Running_water
Y-GQtDyZq5y4_0.000_9.655.wav	Dog
Y-HBR6wrrhAs_0.000_4.970.wav	Dog
Y-HnhPxiYLLU_0.000_0.364.wav	Dog
Y-HyhSn6rU8A_0.000_9.422.wav	Blender
Y-IHE1hhdtek_0.000_9.908.wav	Dog
Y-Io461is8Ko_0.000_7.136.wav	Dog
Y-JlAIil9iSE_0.000_7.251.wav	Dog
Y-K0wP_zCTvA_0.000_1.200.wav	Dog
Y-KrDQXnlXRw_0.000_9.330.wav	Running_water
Y-KzCxE1X5j0_0.000_1.040.wav	Dog
Y-L46ZLyp9R0_0.000_9.375.wav	Dog
Y-LqG7GIW8UQ_0.000_1.428.wav	Dog
Y-NW2pPAToFM_0.000_3.789.wav	Running_water
Y-Nsu5Dm73Xw_0.000_7.124.wav	Dog
Y-O-s44NpuEo_0.000_9.047.wav	Dog
Y-PWc49x8cyE_0.000_3.111.wav	Dog
Y-PfTYmixaVM_0.000_9.942.wav	Frying
Y-QSTEXFuNZs_0.000_1.614.wav	Dog
Y-QhqFtXZ7NA_0.000_8.831.wav	Dog
Y-R47b72sQLU_0.000_9.047.wav	Dog
Y-SL5sFIuhtg_0.000_2.404.wav	Dog
Y-SxC_hWxr8E_0.000_6.942.wav	Running_water
Y-T9PDWg_EeU_0.000_0.605.wav	Dog
Y-T9mK2krm2w_0.000_2.236.wav	Dog
Y-TDsXxTaw2Q_0.000_10.000.wav	Dishes
Y-TSQj52I1PQ_0.000_3.035.wav	Dog
Y-UIDQgPMztE_0.000_2.510.wav	Dog
Y-UxlFmoVuPo_0.000_10.000.wav	Dog
Y-VG70q026Bw_0.000_1.091.wav	Dog
Y-VPoLzHsw1s_0.000_6.222.wav	Dog
Y-VV6dIcGmwI_0.000_0.930.wav	Dog
Y-VbuWn-f52s_0.000_7.724.wav	Dog
Y-Vo3XijOlvc_0.000_3.250.wav	Dog
Y-W0tpODVUfQ_0.000_10.000.wav	Dog
Y-WEfNbZO_LE_0.000_2.919.wav	Dishes
Y-WelAtqGj1E_0.000_1.996.wav	Dog
Y-Y2x_3lyCqY_0.000_10.000.wav	Dog
Y-YEkSU7gXLw_0.000_7.849.wav	Dog
Y-YLpD1UW8qU_0.000_0.350.wav	Dishes
Y-YkIP4iqElA_0.000_0.232.wav	Running_water
Y-ZBKA57bVj8_0.000_3.474.wav	Dog
Y-ZZ16CynYAU_0.000_10.000.wav	Running_water
Y-ZdP1MF8bIw_0.000_0.425.wav	Dog
Y-ZgUXgJn4U0_0.000_2.567.wav	Alarm_bell_ringing
Y-Zjgm_sZd10_0.000_1.583.wav	Alarm_bell_ringing
Y-_A4yJmxFdM_0.000_5.782.wav	Dog
Y-_UM0h1qcBM_0.000_10.000.wav	Blender
Y-_YEMHrl2QI_0.000_7.042.wav	Dog
Y-akpZs0cx68_0.000_8.866.wav	Dog
Y-bWroS6KQj4_0.000_6.239.wav	Dog
Y-cid4JHUyiI_0.000_5.092.wav	Dog
Y-dX5RtfumBA_0.000_9.030.wav	Running_water
Y-dkiBLyj6wA_0.000_0.599.wav	Dog
Y-dvfWWc5bQ8_0.000_0.962.wav	Dog
Y-eHWGca4Z8U_0.000_3.625.wav	Dog
Y-ehQwV9uU8s_0.000_6.483.wav	Dog
Y-eoxW0xL72I_0.000_9.900.wav	Dog
Y-fC8_UodWjA_0.000_8.075.wav	Running_water
Y-fugxRc4VhY_0.000_1.420.wav	Dog
Y-furRVKz4ac_0.000_10.000.wav	Dog
Y-fy0rQoumZ0_0.000_1.287.wav	Blender
Y-hWRLlRjetY_0.000_7.906.wav	Dishes
Y-hdg7DQaxW4_0.000_4.251.wav	Dog
Y-hqM85LZw7c_0.000_7.575.wav	Dog
Y-i0mmYppi18_0.000_0.376.wav	Dog
Y-iQlvp-lsY4_0.000_2.881.wav	Dog
Y-ikrSfqB0LU_0.000_1.495.wav	Alarm_bell_ringing
Y-jQRCubyDVU_0.000_2.803.wav	Dog
Y-kCWX1wjibc_0.000_6.432.wav	Dog
Y-kJT_nUHinA_0.000_6.322.wav	Alarm_bell_ringing
Y-l8PxqOuQno_0.000_1.125.wav	Electric_shaver_toothbrush
Y-lHF9tBL2B8_0.000_0.257.wav	Dog
Y-lT-SZfrIIU_0.000_10.000.wav	Dog
Y-lwNEw-ZXlQ_0.000_7.172.wav	Dog
Y-m5YF2UJeVw_0.000_7.216.wav	Vacuum_cleaner
Y-m5z0sH7kGE_0.000_6.899.wav	Dog
Y-mNmhJs1pYM_0.000_9.990.wav	Frying
Y-mRxPWXrSsY_0.000_6.819.wav	Vacuum_cleaner
Y-mdPX2djAUY_0.000_2.089.wav	Dog
Y-mn4rI21T-4_0.000_0.827.wav	Dog
Y-mt3E7_Ovlo_0.000_6.992.wav	Dog
Y-nWUVq5s7cM_0.000_5.596.wav	Running_water
Y-naZXDdh9Ps_0.000_10.000.wav	Dog
Y-niT5wKbFOo_0.000_2.270.wav	Dog
Y-nvJc7KvBJ8_0.000_1.469.wav	Dog
Y-nveMLXxLn4_0.000_10.000.wav	Dog
Y-oRgzBsFneA_0.000_5.231.wav	Dog
Y-pBsdyP12ak_0.000_10.000.wav	Vacuum_cleaner
Y-pd7_XFFy0A_0.000_0.412.wav	Dog
Y-pdmLg5FbQY_0.000_3.729.wav	Dog
Y-qfHOFxUwGQ_0.000_6.717.wav	Dog
Y-r7foRuzOuc_0.000_5.345.wav	Dog
Y-r97oVkDfKQ_0.000_7.474.wav	Dog
Y-rT-3LOGIjw_0.000_6.018.wav	Dog
Y-rcdmMimpgk_0.000_1.504.wav	Dog
Y-sHWEPAUvmQ_0.000_4.638.wav	Dog
Y-sgDyi4BY-0_0.000_4.187.wav	Dog
Y-t3DMClxaIo_0.000_2.422.wav	Vacuum_cleaner
Y-u-Id9BVvIc_0.000_8.444.wav	Dog
Y-uIrOdeAZbQ_0.000_10.000.wav	Blender
Y-umSSowXOX0_0.000_9.165.wav	Dog
Y-unossccIwI_0.000_3.427.wav	Dog
Y-wb18_6tLAE_0.000_9.693.wav	Dog
Y-wyF3xGM95g_0.000_10.000.wav	Running_water
Y-xyHS0dJ3R8_0.000_9.938.wav	Dishes
Y-yFeywhaivM_0.000_0.230.wav	Dog
Y-yX0TlfBiFg_0.000_9.656.wav	Dog
Y-ygqz4jLcsk_0.000_2.909.wav	Running_water
Y-yktClBEgbk_0.000_0.422.wav	Dog
Y-yspk7ebYkQ_0.000_6.377.wav	Dog
Y-zSFmp8e43E_0.000_1.022.wav	Dog
Y-za3Io5SExs_0.000_10.000.wav	Dog
Y0-uzle1hzoI_0.000_3.393.wav	Dog
Y02MGx1Vh9c0_0.000_10.000.wav	Electric_shaver_toothbrush
Y074nzzlXf_g_0.000_0.887.wav	Dishes
Y0Am7X758-Ek_0.000_6.338.wav	Cat
Y0Am_PbPUkuk_0.000_4.267.wav	Dog
Y0ApKTbVeSEU_0.000_4.609.wav	Dog
Y0BSidlvh4Ds_0.000_10.000.wav	Dog
Y0BTCY5xhrIY_0.000_9.433.wav	Dog
Y0BnyrbZz8Jk_0.000_10.000.wav	Dog
Y0BwiOU6alvQ_0.000_3.774.wav	Dog
Y0CRPp8k4wEo_0.000_3.763.wav	Dog
Y0CUHnK_Lh4s_0.000_2.199.wav	Dog
Y0CYxiRkfVhw_0.000_2.334.wav	Dog
Y0CgZR0f_yFs_0.000_9.931.wav	Dog
Y0EOJ3ZqLJDU_0.000_1.949.wav	Dog
Y0EjIJRg8ub4_0.000_1.774.wav	Dog
Y0F40MJSfsDw_0.000_10.000.wav	Cat
Y0FXHXCu1lJY_0.000_8.621.wav	Running_water
Y0FtYHAivI2E_0.000_3.888.wav	Dog
Y0GGO5npJzWI_0.000_4.916.wav	Cat
Y0GSBomNmZxI_0.000_10.000.wav	Vacuum_cleaner
Y0Gggc7Vz7TI_0.000_4.397.wav	Dog
Y0Gxxzj2vopc_0.000_6.189.wav	Dog
Y0HWIjjmpVtY_0.000_6.128.wav	Running_water
Y0IGUZWhc9Go_0.000_5.353.wav	Dog
Y0J0sN1xeDZM_0.000_0.817.wav	Dog
Y0M20-hvyBvQ_0.000_5.691.wav	Dog
Y0M7CEfzzGm8_0.000_0.450.wav	Dog
Y0N3bFducxuc_0.000_4.715.wav	Dog
Y0NIW_5zr2zg_0.000_3.252.wav	Dog
Y0OLsNjg9Q_c_0.000_4.619.wav	Dog
Y0P2dMIUs6W0_0.000_4.938.wav	Dog
Y0PcvfVZo9e4_0.000_3.868.wav	Running_water
Y0Q_BPEl7_Vo_0.000_1.420.wav	Dog
Y0QkmP-TtIFo_0.000_2.745.wav	Dog
Y0QtmEs-OOsA_0.000_3.194.wav	Cat
Y0R06GmUsGww_0.000_10.000.wav	Blender
Y0RNKWKFds8Y_0.000_9.198.wav	Dog
Y0RxvhDsjL0M_0.000_0.750.wav	Dog
Y0UEClS6XhZ0_0.000_2.446.wav	Dog
Y0UKzyBqyhGc_0.000_5.460.wav	Cat
Y0UhAR0Qt4UA_0.000_0.765.wav	Dog
Y0W_gYR6p-D0_0.000_10.000.wav	Cat
Y0XED4i5Jkzw_0.000_2.351.wav	Dog
Y0XouGEsWiQk_0.000_3.945.wav	Dog
Y0ZPALU8EnWQ_0.000_8.715.wav	Dog
Y0ZVdHyRbCCo_0.000_10.000.wav	Running_water
Y0_K6OKtoBBU_0.000_2.196.wav	Cat
Y0_zh25VgrPY_0.000_1.933.wav	Blender
Y0a8RB5eOGJ4_0.000_0.501.wav	Dog
Y0aZ3vvM4V34_0.000_8.755.wav	Running_water
Y0b06i5LzIFw_0.000_1.243.wav	Cat
Y0bj1ynHjnR8_0.000_3.211.wav	Cat
Y0br2bEMg6yg_0.000_4.462.wav	Dog
Y0bveNubRkUI_0.000_5.192.wav	Dog
Y0cGgIDhIfdA_0.000_0.592.wav	Dog
Y0cnLnzrBcmY_0.000_10.000.wav	Dog
Y0crSdgvedhc_0.000_7.231.wav	Cat
Y0d8dFoWQ2KA_0.000_2.096.wav	Dog
Y0dI4cUQlAkQ_0.000_1.173.wav	Dog
Y0eNfQDAbn_Y_0.000_7.294.wav	Dog
Y0ebNDEKQWmY_0.000_4.624.wav	Dog
Y0fr57nOHOEU_0.000_2.758.wav	Running_water
Y0gKyoOENUBM_0.000_10.000.wav	Running_water
Y0gvqDWLoBfQ_0.000_9.728.wav	Dog
Y0iSQ-tdp1mo_0.000_8.563.wav	Running_water
Y0io4FnKo8Eg_0.000_10.000.wav	Dog
Y0izj5OZGtg8_0.000_4.316.wav	Dog
Y0j2L1H_b1qM_0.000_8.950.wav	Dog
Y0kLEZglWPAI_0.000_10.000.wav	Blender
Y0kOj9aZEySE_0.000_7.769.wav	Cat
Y0kTHgSzQkfw_0.000_2.803.wav	Dog
Y0l2qcA0XKUs_0.000_8.201.wav	Dog
Y0lUFEAnnET8_0.000_9.154.wav	Dog
Y0lV5Fln3nYA_0.000_1.924.wav	Dog
Y0m3vVvKpVQg_0.000_5.272.wav	Running_water
Y0mj46Xhzx1Y_0.000_9.488.wav	Running_water
Y0owoOrZH2mI_0.000_2.057.wav	Cat
Y0q1Ytfn8yMU_0.000_10.000.wav	Cat
Y0r2OVHasER0_0.000_3.637.wav	Dishes
Y0rJwumFz1O0_0.000_9.202.wav	Cat
Y0suFvKAWJnU_0.000_9.401.wav	Running_water
Y0uIe4dKUC1s_0.000_5.299.wav	Running_water
Y0uX3T48TZ-o_0.000_9.977.wav	Electric_shaver_toothbrush
Y0uab4-3d6MM_0.000_8.845.wav	Cat
Y0v87UfMga5U_0.000_10.000.wav	Cat
Y0xdJWDNLZrE_0.000_6.081.wav	Running_water
Y0xzbWmrJCa0_0.000_10.000.wav	Cat
Y0yCFCh8e10Y_0.000_10.000.wav	Vacuum_cleaner
Y0z5TRiOKlX4_0.000_8.834.wav	Running_water
Y0zv4NcZfYhE_0.000_9.210.wav	Cat
Y13AbnrWanPk_0.000_8.400.wav	Running_water
Y15nVe6RwUNM_0.000_0.406.wav	Cat
Y16b9HjgnmrY_0.000_1.275.wav	Running_water
Y16ccKlJF5H8_0.000_9.123.wav	Cat
Y16th_TIPv84_0.000_0.291.wav	Cat
Y17cA4Gv1BZY_0.000_6.402.wav	Alarm_bell_ringing
Y17tk_fp4eJ0_0.000_3.458.wav	Cat
Y17xCyq_4wvs_0.000_7.484.wav	Dishes
Y18FN3fDI25A_0.000_7.630.wav	Cat
Y19UTZe1Gwj4_0.000_3.454.wav	Cat
Y1AfCMvhZJVY_0.000_10.000.wav	Running_water
Y1DVyj_Q5f0A_0.000_6.441.wav	Cat
Y1FUMr2pDTn0_0.000_8.032.wav	Cat
Y1H0jwhMaS70_0.000_2.419.wav	Cat
Y1IgfQE4GT1Q_0.000_6.721.wav	Running_water
Y1Iv2NfqIrS4_0.000_3.935.wav	Alarm_bell_ringing
Y1Kxgh-Eciz0_0.000_10.000.wav	Cat
Y1MPwoS-R83A_0.000_4.732.wav	Cat
Y1NGbZ7DAMe4_0.000_10.000.wav	Vacuum_cleaner
Y1NbkO1auM1U_0.000_5.956.wav	Running_water
Y1NwoL7fn1Qk_0.000_9.253.wav	Cat
Y1Q2KE92L738_0.000_10.000.wav	Running_water
Y1QAZc5vOLlE_0.000_0.785.wav	Cat
Y1QxDi-op6Qg_0.000_9.440.wav	Cat
Y1RNq7dbRpWU_0.000_0.247.wav	Cat
Y1U1k-d1x1qw_0.000_1.224.wav	Cat
Y1UgCfEUzfqo_0.000_0.231.wav	Cat
Y1Ulak3dMnGU_0.000_6.489.wav	Dishes
Y1Unp4vddTlM_0.000_4.552.wav	Cat
Y1VQZAJgvzWI_0.000_2.242.wav	Cat
Y1VyUmkngG5g_0.000_8.467.wav	Cat
Y1WI4qtcajVE_0.000_10.000.wav	Running_water
Y1YPjs1CTY2E_0.000_5.740.wav	Running_water
Y1aNLeVBB9RQ_0.000_4.670.wav	Running_water
Y1b1b-9_AcFg_0.000_4.860.wav	Cat
Y1bdZx2gFZ2w_0.000_1.485.wav	Cat
Y1ci9EhneRNs_0.000_10.000.wav	Cat
Y1deq0hecAUE_0.000_7.019.wav	Running_water
Y1dgBCUaZVAQ_0.000_5.609.wav	Cat
Y1h5vQr1yu2E_0.000_10.000.wav	Dishes
Y1hnLcaOlFks_0.000_6.688.wav	Running_water
Y1j3EdSOu7ME_0.000_9.680.wav	Blender
Y1lqdBjdJgWg_0.000_3.012.wav	Dishes
Y1oc7Z8x1WBk_0.000_5.291.wav	Electric_shaver_toothbrush
Y1sGbBTYBxDg_0.000_6.506.wav	Running_water
Y1sLF9mlF1yg_0.000_0.519.wav	Cat
Y1sTktH04-fw_0.000_10.000.wav	Running_water
Y1szSQEuQ5WM_0.000_10.000.wav	Cat
Y1tHhN-4fTiU_0.000_10.000.wav	Cat
Y1tJdV9lG8dI_0.000_4.470.wav	Cat
Y1vEjPObCs-c_0.000_3.426.wav	Cat
Y1vRE3X4JUGA_0.000_10.000.wav	Frying
Y1wTYC26te1E_0.000_1.861.wav	Cat
Y1x2dJASMVi4_0.000_9.152.wav	Cat
Y1xXFh-z674c_0.000_4.452.wav	Running_water
Y1zYsKe5HhsQ_0.000_8.122.wav	Cat
Y2-dHuNPOmFg_0.000_6.139.wav	Cat
Y20ARmYU0v4I_0.000_9.606.wav	Alarm_bell_ringing
Y20nyHEh2HW0_0.000_7.709.wav	Running_water
Y221Ia1cD5dQ_0.000_10.000.wav	Cat
Y26-HMlPhve4_0.000_7.034.wav	Running_water
Y26ubekDhG_Y_0.000_6.005.wav	Alarm_bell_ringing
Y28WMzKS8Mvg_0.000_10.000.wav	Vacuum_cleaner
Y28c_azOmujY_0.000_0.417.wav	Vacuum_cleaner
Y28yk3SrpV9Q_0.000_2.533.wav	Cat
Y29-H4jj5UsE_0.000_3.002.wav	Cat
Y2BdRnFt3tSY_0.000_10.000.wav	Vacuum_cleaner
Y2BwiNhqCOFg_0.000_8.111.wav	Running_water
Y2CSHWGtuxAY_0.000_3.553.wav	Cat
Y2Cv0_9ezILU_0.000_10.000.wav	Vacuum_cleaner
Y2DaEW8tcMvo_0.000_4.182.wav	Cat
Y2ErfX6ZT5pM_0.000_2.508.wav	Running_water
Y2EuM56yo0BM_0.000_10.000.wav	Cat
Y2GQHZpe5yjA_0.000_10.000.wav	Alarm_bell_ringing
Y2IvNEoXArxU_0.000_0.857.wav	Cat
Y2KFRad_OEVM_0.000_0.812.wav	Cat
Y2KdHeWz8utE_0.000_8.484.wav	Vacuum_cleaner
Y2KjNkHQ8dvI_0.000_10.000.wav	Cat
Y2Kz8a9S_Izs_0.000_9.387.wav	Cat
Y2Lr0D12vRyc_0.000_2.691.wav	Alarm_bell_ringing
Y2MFWzrk_KTM_0.000_2.103.wav	Cat
Y2MXgZDIhMBE_0.000_6.276.wav	Alarm_bell_ringing
Y2MwW5vQm4wI_0.000_9.944.wav	Dishes
Y2NP0fuxn-Q8_0.000_4.497.wav	Running_water
Y2OoPfRnajZQ_0.000_0.766.wav	Cat
Y2QETzhkbY6E_0.000_5.794.wav	Running_water
Y2QTH4_WQlgg_0.000_8.405.wav	Running_water
Y2RQQORu0diE_0.000_5.041.wav	Dishes
Y2UGVSzh2bpQ_0.000_10.000.wav	Cat
Y2VMS64fFJps_0.000_10.000.wav	Vacuum_cleaner
Y2WP8Vmkdv_Y_0.000_6.651.wav	Vacuum_cleaner
Y2YFsREAuJv4_0.000_3.982.wav	Cat
Y2YrIIOchjLQ_0.000_10.000.wav	Running_water
Y2_07VckX0oU_0.000_9.260.wav	Cat
Y2_Fl6KD9xZQ_0.000_10.000.wav	Cat
Y2az5_nabV6Q_0.000_5.310.wav	Running_water
Y2b0EzAqILu0_0.000_0.639.wav	Cat
Y2b7NoEYo56g_0.000_9.451.wav	Dishes
Y2cBdAvV0_zs_0.000_8.493.wav	Running_water
Y2cVWhokonSg_0.000_10.000.wav	Electric_shaver_toothbrush
Y2cli1cg7SSA_0.000_8.892.wav	Running_water
Y2d7dwiGchrg_0.000_10.000.wav	Running_water
Y2dZ7ZV3vK28_0.000_10.000.wav	Dishes
Y2eBQV6mzMfs_0.000_10.000.wav	Vacuum_cleaner
Y2ePpNRwWoOc_0.000_1.841.wav	Cat
Y2fVTY-74PHI_0.000_6.046.wav	Cat
Y2gCoy1QSPKM_0.000_0.545.wav	Cat
Y2gs0Ltt5niY_0.000_10.000.wav	Cat
Y2gvtmPZBNqw_0.000_4.326.wav	Cat
Y2hJBV9mb1CA_0.000_4.612.wav	Running_water
Y2hahuIUm410_0.000_1.919.wav	Dishes
Y2j8pxiFvElM_0.000_1.400.wav	Cat
Y2k0odEpLIkc_0.000_9.870.wav	Running_water
Y2n4qR03SjnY_0.000_5.387.wav	Running_water
Y2nFGzlJzxEU_0.000_10.000.wav	Vacuum_cleaner
Y2nSWjsRllr8_0.000_9.340.wav	Cat
Y2nW29N2td3w_0.000_6.492.wav	Running_water
Y2p230m8MT0I_0.000_2.018.wav	Dishes
Y2pFAkhUv7HQ_0.000_3.088.wav	Cat
Y2qXtaTZdvrY_0.000_8.222.wav	Dishes
Y2rEjHi9VQM0_0.000_9.284.wav	Cat
Y2rbGcfo-k_Q_0.000_9.541.wav	Running_water
Y2sZhC_mKeic_0.000_1.045.wav	Cat
Y2smnPw-cEps_0.000_5.919.wav	Cat
Y2tX_nAyRSp0_0.000_9.980.wav	Blender
Y2tpNtgOTI7M_0.000_9.650.wav	Cat
Y2tvbXTF_MOA_0.000_2.433.wav	Cat
Y2wG2Ar6VRMU_0.000_0.466.wav	Cat
Y2wN-zr2MB2A_0.000_10.000.wav	Cat
Y2xXpSgqrtDE_0.000_5.796.wav	Alarm_bell_ringing
Y3-0K2zuTwl4_0.000_9.537.wav	Running_water
Y3-Q-3tZRaLI_0.000_5.624.wav	Cat
Y3-Yw2TJQX4M_0.000_8.926.wav	Cat
Y30N8kpX42Nc_0.000_2.557.wav	Cat
Y30jyF9zlHXU_0.000_10.000.wav	Cat
Y31QfrApbf68_0.000_10.000.wav	Frying
Y323uKBR-l4o_0.000_2.713.wav	Cat
Y32V6Gv7S6mA_0.000_9.145.wav	Dishes
Y32YmhSSVU4U_0.000_9.247.wav	Running_water
Y34_hvcz2g3s_0.000_0.869.wav	Cat
Y34nb4_NIs_4_0.000_2.330.wav	Cat
Y369SnL621UI_0.000_9.965.wav	Cat
Y39I0igiJeDU_0.000_10.000.wav	Vacuum_cleaner
Y3BcwNM72zcQ_0.000_8.612.wav	Alarm_bell_ringing
Y3DRjPtu_lPs_0.000_7.791.wav	Alarm_bell_ringing
Y3Ez6bhUGPKk_0.000_6.052.wav	Cat
Y3G6CJHZEVYM_0.000_9.918.wav	Cat
Y3GC8vah5aHU_0.000_3.434.wav	Cat
Y3GcT21hdxLk_0.000_10.000.wav	Vacuum_cleaner
Y3Glt9M8l_OA_0.000_2.904.wav	Cat
Y3HrhMbXIuEk_0.000_3.227.wav	Cat
Y3KRWwv1B1bc_0.000_8.983.wav	Blender
Y3N0eacoj16s_0.000_10.000.wav	Cat
Y3OBX7R7QzgY_0.000_2.862.wav	Running_water
Y3P_hZmAbPuI_0.000_1.279.wav	Cat
Y3QFIGPvCD9Y_0.000_10.000.wav	Vacuum_cleaner
Y3QOZzr4qCsg_0.000_7.257.wav	Cat
Y3Qtrq7mNpRk_0.000_10.000.wav	Vacuum_cleaner
Y3REDa7Da7Dk_0.000_2.588.wav	Cat
Y3RaZ_DvJEsM_0.000_7.718.wav	Running_water
Y3UjvVNXo91s_0.000_10.000.wav	Cat
Y3Vu_2_YBeTk_0.000_3.567.wav	Cat
Y3YGtfWG_KT8_0.000_5.710.wav	Running_water
Y3YRHXBx7M-o_0.000_6.726.wav	Alarm_bell_ringing
Y3d0dg7tCqSc_0.000_10.000.wav	Vacuum_cleaner
Y3dVfAVhlAVo_0.000_3.667.wav	Cat
Y3drnEnI8bls_0.000_1.953.wav	Running_water
Y3ejndVEAcmQ_0.000_2.315.wav	Cat
Y3fUx5N4E_Ns_0.000_9.470.wav	Frying
Y3faRdcvQG4c_0.000_9.492.wav	Alarm_bell_ringing
Y3fdw7WJRVQc_0.000_2.151.wav	Cat
Y3gXb8hq1Vk8_0.000_9.929.wav	Cat
Y3gjF-cVb_m4_0.000_2.387.wav	Cat
Y3jlZEJBFJWQ_0.000_6.651.wav	Alarm_bell_ringing
Y3lw0xavwWGE_0.000_5.842.wav	Running_water
Y3mPPyrXA60o_0.000_7.371.wav	Running_water
Y3n--reua_a0_0.000_0.745.wav	Cat
Y3qYR12TI9Ic_0.000_10.000.wav	Vacuum_cleaner
Y3sNrNlVxMu8_0.000_10.000.wav	Blender
Y3slY8qx8ZeI_0.000_5.849.wav	Running_water
Y3tPbl-78nZ8_0.000_3.065.wav	Cat
Y3vphosRD_Uk_0.000_10.000.wav	Running_water
Y3wFAf6wVAVM_0.000_10.000.wav	Alarm_bell_ringing
Y3xDZ-kdGE3o_0.000_4.786.wav	Running_water
Y3xw-ArXjCd0_0.000_9.080.wav	Frying
Y3yJv3ElMC4E_0.000_9.725.wav	Vacuum_cleaner
Y3za58UBL5rE_0.000_3.803.wav	Alarm_bell_ringing
Y435H0Ai36E4_0.000_10.000.wav	Vacuum_cleaner
Y46Ui0WCPoNk_0.000_7.986.wav	Cat
Y46UxneRS0Vw_0.000_6.987.wav	Running_water
Y48qlec3i3Ds_0.000_6.531.wav	Cat
Y49C15x4FItg_0.000_1.834.wav	Vacuum_cleaner
Y4BDeI3b0Nyc_0.000_10.000.wav	Running_water
Y4BK-071pAfI_0.000_7.109.wav	Cat
Y4BmkuLnWy1U_0.000_6.005.wav	Cat
Y4CKQdo1ppjs_0.000_6.771.wav	Alarm_bell_ringing
Y4CszE2N1TGw_0.000_5.758.wav	Running_water
Y4FdTwg1jmAk_0.000_4.438.wav	Dishes
Y4GNasJv6pKg_0.000_10.000.wav	Frying
Y4GpYhHH7V7g_0.000_2.883.wav	Alarm_bell_ringing
Y4GqZD3eNvIs_0.000_10.000.wav	Running_water
Y4IF49XmNCaw_0.000_8.910.wav	Running_water
Y4ITETcfpgSs_0.000_9.762.wav	Vacuum_cleaner
Y4MILPH5z3no_0.000_7.683.wav	Running_water
Y4MqedZrHths_0.000_1.471.wav	Cat
Y4NZCBEZbIDA_0.000_5.550.wav	Running_water
Y4OYKkAqdYbI_0.000_2.194.wav	Cat
Y4P7p_EIdIeY_0.000_4.273.wav	Cat
Y4QbTi4xcuVY_0.000_9.363.wav	Dishes
Y4RPbOWqEeVk_0.000_0.620.wav	Dishes
Y4SDfWBgrXVM_0.000_10.000.wav	Dishes
Y4SIuuAQ3YLk_0.000_5.100.wav	Running_water
Y4SnjARXXyTo_0.000_8.340.wav	Vacuum_cleaner
Y4U9CtLJhpsQ_0.000_7.399.wav	Running_water
Y4UHlvxbSsJY_0.000_8.252.wav	Cat
Y4VD4FGVS2nM_0.000_2.410.wav	Cat
Y4VmVMns3514_0.000_4.329.wav	Cat
Y4XHI4u7VidE_0.000_10.000.wav	Cat
Y4XoQgeO26Ls_0.000_0.522.wav	Dishes
Y4Xvbqxv8DTg_0.000_6.445.wav	Blender
Y4Z-aeSrkqFg_0.000_5.446.wav	Cat
Y4_MSTYZF8ns_0.000_9.977.wav	Cat
Y4_yLxXvtm9s_0.000_10.000.wav	Blender
Y4bLFS9KnHJU_0.000_5.007.wav	Cat
Y4eeCIydN--4_0.000_3.088.wav	Cat
Y4f2SbVHDPU8_0.000_7.270.wav	Cat
Y4f9OKlHoBsk_0.000_10.000.wav	Vacuum_cleaner
Y4fpXqwEe_hM_0.000_3.084.wav	Cat
Y4fti1n2kmss_0.000_7.590.wav	Dishes
Y4fz0-Kx2oNs_0.000_10.000.wav	Frying
Y4h1GQECU4GM_0.000_10.000.wav	Blender
Y4hjW385XyHE_0.000_10.000.wav	Cat
Y4iAdrVeCMZg_0.000_7.021.wav	Electric_shaver_toothbrush
Y4kT1BaFHza0_0.000_9.745.wav	Running_water
Y4ks0_dkWNGw_0.000_2.955.wav	Cat
Y4lYCUB4REU0_0.000_0.559.wav	Cat
Y4le_42J5qkU_0.000_0.534.wav	Cat
Y4mswzuaZjnQ_0.000_7.320.wav	Cat
Y4muUnvSiceA_0.000_1.652.wav	Cat
Y4n7O0dJ3pmE_0.000_8.783.wav	Running_water
Y4nK9l8Fv2wA_0.000_10.000.wav	Vacuum_cleaner
Y4nN9QuT_OJM_0.000_9.304.wav	Running_water
Y4nsoFVx6MZ4_0.000_9.010.wav	Cat
Y4oDE5ldMtT4_0.000_8.155.wav	Cat
Y4pA2MFiec8k_0.000_6.613.wav	Electric_shaver_toothbrush
Y4pjcLnx3dMs_0.000_1.142.wav	Cat
Y4psMVnfOCIs_0.000_8.089.wav	Running_water
Y4qVqsHqlAfU_0.000_10.000.wav	Electric_shaver_toothbrush
Y4r8uFqPOpqU_0.000_8.633.wav	Running_water
Y4rZuOkQL4HY_0.000_10.000.wav	Cat
Y4rlpvDKiMMY_0.000_2.753.wav	Cat
Y4sHNykqZDNE_0.000_4.983.wav	Blender
Y4saOJCEUaLE_0.000_1.588.wav	Dog
Y4tj_DVfp0ME_0.000_1.530.wav	Running_water
Y4ur5pqQkYGU_0.000_7.138.wav	Running_water
Y4v89TDGH3do_0.000_1.790.wav	Cat
Y4yiwdZ3LsN4_0.000_10.000.wav	Running_water
Y4z2LSoUlWYk_0.000_10.000.wav	Running_water
Y5-aW6ffdiys_0.000_2.971.wav	Cat
Y52l9n3JCtSk_0.000_10.000.wav	Running_water
Y53jtALXeS7U_0.000_8.804.wav	Running_water
Y53ktQBZmxUM_0.000_6.708.wav	Running_water
Y54tr1EdazoQ_0.000_4.988.wav	Alarm_bell_ringing
Y59UL9Up9a3o_0.000_4.900.wav	Running_water
Y59oDk6IRkB8_0.000_6.758.wav	Running_water
Y5CQxRy_KRLg_0.000_7.683.wav	Alarm_bell_ringing
Y5EZwT9M5pSA_0.000_10.000.wav	Blender
Y5EcrQhp7We0_0.000_7.750.wav	Running_water
Y5G6b_QWL3nY_0.000_8.944.wav	Frying
Y5GT_Wg6XQC4_0.000_6.559.wav	Vacuum_cleaner
Y5IDCyA2GDgs_0.000_10.000.wav	Blender
Y5M8JlZNtw0w_0.000_10.000.wav	Vacuum_cleaner
Y5MXhhFv6AMo_0.000_1.657.wav	Running_water
Y5P5Hw47eHq0_0.000_7.177.wav	Electric_shaver_toothbrush
Y5XtIFruvd7I_0.000_6.360.wav	Vacuum_cleaner
Y5_cdDjdyILo_0.000_6.663.wav	Vacuum_cleaner
Y5aE_ARYhtgY_0.000_8.704.wav	Running_water
Y5bIuMNKRpTk_0.000_7.942.wav	Running_water
Y5fg4OOQEHgA_0.000_9.613.wav	Blender
Y5hRL4oBRP7E_0.000_10.000.wav	Running_water
Y5p9pergm-Ko_0.000_3.153.wav	Vacuum_cleaner
Y5pNzHcUedVo_0.000_9.721.wav	Alarm_bell_ringing
Y5slzmsYMlpA_0.000_7.810.wav	Vacuum_cleaner
Y5yFBvLbq1XA_0.000_9.611.wav	Running_water
Y6-Ok_3WzP5k_0.000_6.226.wav	Running_water
Y606sfRcQYA8_0.000_9.829.wav	Vacuum_cleaner
Y67GyakZWaFk_0.000_9.256.wav	Running_water
Y68ijV_btmC0_0.000_8.830.wav	Frying
Y69VgW9hZ1jc_0.000_7.662.wav	Dishes
Y6AIQWsPfoVg_0.000_10.000.wav	Alarm_bell_ringing
Y6EeyngaELKA_0.000_3.753.wav	Blender
Y6F-1DUQjoGY_0.000_10.000.wav	Running_water
Y6IfLsA7TAyE_0.000_10.000.wav	Running_water
Y6Jec5pP8JKQ_0.000_3.772.wav	Blender
Y6L6A0CxinL8_0.000_2.237.wav	Running_water
Y6MBc6UrEv5Y_0.000_4.666.wav	Running_water
Y6MGkrvH8Ntc_0.000_4.946.wav	Running_water
Y6NWpyI8ZC7o_0.000_7.000.wav	Vacuum_cleaner
Y6OTNz254tQw_0.000_9.553.wav	Running_water
Y6Q2pEz4dH9o_0.000_9.119.wav	Alarm_bell_ringing
Y6QExD0uUMOs_0.000_2.440.wav	Dishes
Y6Tc-PG_aE9k_0.000_4.418.wav	Alarm_bell_ringing
Y6TkcupyZ5Fo_0.000_6.280.wav	Alarm_bell_ringing
Y6U7HcpVhQ1A_0.000_6.993.wav	Running_water
Y6UDbuFKXaR0_0.000_10.000.wav	Running_water
Y6VCV28rzgM0_0.000_10.000.wav	Vacuum_cleaner
Y6YKWV3Hcsp8_0.000_10.000.wav	Running_water
Y6_ADEY85YME_0.000_10.000.wav	Blender
Y6a2OyetkL0c_0.000_8.644.wav	Vacuum_cleaner
Y6aNA6pqmpd8_0.000_5.110.wav	Alarm_bell_ringing
Y6agI5a-5TGY_0.000_10.000.wav	Vacuum_cleaner
Y6fxpVuxEHW4_0.000_7.739.wav	Blender
Y6g3ZMgNYE6s_0.000_10.000.wav	Vacuum_cleaner
Y6gtQ1amk3sk_0.000_6.021.wav	Running_water
Y6hpAs8vJOow_0.000_10.000.wav	Dishes
Y6iK8csUljY8_0.000_7.262.wav	Running_water
Y6iZ5R_J9wKI_0.000_9.631.wav	Running_water
Y6kD5Ya6JUbQ_0.000_10.000.wav	Vacuum_cleaner
Y6lor4r7k4As_0.000_2.414.wav	Running_water
Y6mBfajqi1pg_0.000_10.000.wav	Vacuum_cleaner
Y6mZSpGpIy-M_0.000_3.988.wav	Alarm_bell_ringing
Y6nxejjU5uP0_0.000_10.000.wav	Running_water
Y6pgLixTKuLk_0.000_9.038.wav	Electric_shaver_toothbrush
Y6qGCOVxywo4_0.000_10.000.wav	Vacuum_cleaner
Y6qa2gp8O9FA_0.000_10.000.wav	Electric_shaver_toothbrush
Y6wzuvIz_91g_0.000_10.000.wav	Vacuum_cleaner
Y7-BcamGuceQ_0.000_10.000.wav	Vacuum_cleaner
Y73BZrwK0WG4_0.000_6.695.wav	Alarm_bell_ringing
Y75LSDHinDBw_0.000_8.500.wav	Vacuum_cleaner
Y75Ro0rRqJdg_0.000_10.000.wav	Dishes
Y779sKwaX_Hc_0.000_9.027.wav	Frying
Y79y6PHjXnd8_0.000_9.200.wav	Running_water
Y7C4HntU8OzA_0.000_8.205.wav	Dishes
Y7Eumr8sgq9I_0.000_10.000.wav	Running_water
Y7HakzscblZY_0.000_6.756.wav	Running_water
Y7LPUszo1Iik_0.000_9.710.wav	Blender
Y7Q0qcvdL7bc_0.000_4.469.wav	Running_water
Y7W_nNAwMKfk_0.000_10.000.wav	Vacuum_cleaner
Y7WlRADYl44I_0.000_8.006.wav	Dishes
Y7__8AVfo2bk_0.000_9.119.wav	Running_water
Y7aaCPJACSg4_0.000_1.434.wav	Alarm_bell_ringing
Y7c_cjaVe_h0_0.000_9.185.wav	Vacuum_cleaner
Y7cgTsdhfn7s_0.000_2.580.wav	Running_water
Y7fGU8SFid9E_0.000_8.144.wav	Alarm_bell_ringing
Y7ih9QYtw9ko_0.000_4.357.wav	Running_water
Y7kSLOXodo5Y_0.000_8.919.wav	Alarm_bell_ringing
Y7mvN10Zo2mg_0.000_5.650.wav	Electric_shaver_toothbrush
Y7p46zniZmQo_0.000_10.000.wav	Running_water
Y7pL3UHjTnYw_0.000_10.000.wav	Frying
Y7tQSdALRYxI_0.000_9.942.wav	Vacuum_cleaner
Y7ue5N_tH-jI_0.000_3.603.wav	Running_water
Y7v9h0tZXwu0_0.000_9.637.wav	Running_water
Y7w8SF8dYNFI_0.000_1.391.wav	Running_water
Y7xZxYm27FdA_0.000_10.000.wav	Running_water
Y7yeWLEus7OI_0.000_9.621.wav	Electric_shaver_toothbrush
Y7yskaISnJM8_0.000_6.721.wav	Running_water
Y80LZfdjdcfM_0.000_10.000.wav	Vacuum_cleaner
Y83M4YuLzP8Q_0.000_9.782.wav	Vacuum_cleaner
Y83hygpk4VKY_0.000_10.000.wav	Vacuum_cleaner
Y84DPXuqLmPU_0.000_4.230.wav	Alarm_bell_ringing
Y85pI1yQAV98_0.000_8.925.wav	Running_water
Y86eQxmsjwM4_0.000_9.664.wav	Vacuum_cleaner
Y86rBaUnvabk_0.000_10.000.wav	Vacuum_cleaner
Y879C2PIaagw_0.000_6.625.wav	Running_water
Y88P_mdXElVU_0.000_7.694.wav	Running_water
Y88nqjULENCk_0.000_7.235.wav	Running_water
Y8ALWgLQx7Xo_0.000_1.561.wav	Running_water
Y8EE7q8Gn5-s_0.000_10.000.wav	Vacuum_cleaner
Y8ENkXXxH0ek_0.000_10.000.wav	Vacuum_cleaner
Y8ElgFfdm3I4_0.000_10.000.wav	Alarm_bell_ringing
Y8FNGAEJom4k_0.000_10.000.wav	Running_water
Y8GFntf9pr2M_0.000_9.937.wav	Dishes
Y8JMFVd_3Fq0_0.000_10.000.wav	Vacuum_cleaner
Y8KuJppQ-eYo_0.000_4.722.wav	Blender
Y8OTPu7DH0VI_0.000_6.517.wav	Running_water
Y8PJoXe_XFe8_0.000_6.779.wav	Running_water
Y8_H6Pxw2hdI_0.000_10.000.wav	Electric_shaver_toothbrush
Y8cR_Xq27Gbw_0.000_5.262.wav	Running_water
Y8e6ha9wOsl0_0.000_10.000.wav	Vacuum_cleaner
Y8eEE_7vieA4_0.000_3.963.wav	Alarm_bell_ringing
Y8fhjIpCeRs8_0.000_1.799.wav	Running_water
Y8kekGAzvdlc_0.000_9.594.wav	Running_water
Y8l_rjIsUzdQ_0.000_9.897.wav	Alarm_bell_ringing
Y8o-Y4QP8LWs_0.000_8.418.wav	Dishes
Y8uhjObBGV-w_0.000_5.017.wav	Running_water
Y8xGTYSfiOho_0.000_4.492.wav	Blender
Y8yfRH5pzHDo_0.000_7.701.wav	Running_water
Y8z6UjJACNLE_0.000_10.000.wav	Vacuum_cleaner
Y917aqwF8aAM_0.000_9.030.wav	Running_water
Y948s7w-mFs8_0.000_10.000.wav	Electric_shaver_toothbrush
Y97_dBJobzaE_0.000_10.000.wav	Vacuum_cleaner
Y990kimBvy1U_0.000_10.000.wav	Running_water
Y99OwHVyV-TU_0.000_4.386.wav	Blender
Y9A1Sm-1KEqo_0.000_0.795.wav	Dishes
Y9IcLueWEQIc_0.000_8.760.wav	Running_water
Y9KhDXUt5IoM_0.000_9.225.wav	Vacuum_cleaner
Y9PZiMMd5hwg_0.000_2.076.wav	Electric_shaver_toothbrush
Y9QEM0ThcgD4_0.000_10.000.wav	Alarm_bell_ringing
Y9QYrSEuK2y8_0.000_8.644.wav	Blender
Y9SRUFh4J-9Y_0.000_1.889.wav	Dishes
Y9XAvzOnkZhM_0.000_7.102.wav	Running_water
Y9a9wO2zHK_0_0.000_7.765.wav	Alarm_bell_ringing
Y9aN9xCyWw8Q_0.000_3.812.wav	Running_water
Y9fLNaTP3gps_0.000_10.000.wav	Running_water
Y9fp-9qML6j0_0.000_9.640.wav	Blender
Y9h5ROryAOB8_0.000_7.861.wav	Alarm_bell_ringing
Y9iGjureW7uE_0.000_10.000.wav	Frying
Y9ige_Pfo-2Q_0.000_10.000.wav	Vacuum_cleaner
Y9it7TG54R7o_0.000_7.265.wav	Alarm_bell_ringing
Y9lBCoB8g7fU_0.000_0.323.wav	Dishes
Y9mlC9bC0ZjA_0.000_4.997.wav	Running_water
Y9rjQjEg-XV0_0.000_2.097.wav	Dishes
Y9uZM6I0gFX8_0.000_5.680.wav	Running_water
Y9vnCi8nepzY_0.000_10.000.wav	Electric_shaver_toothbrush
Y9wQaQJq0Aok_0.000_1.787.wav	Dishes
Y9wjb1AfkAns_0.000_10.000.wav	Blender
Y9woSSMs77wg_0.000_10.000.wav	Frying
Y9ykOLkdw4Vw_0.000_4.088.wav	Running_water
YAVuLYVe77Fg_0.000_5.830.wav	Running_water
YAZbwdHIhyTI_0.000_9.570.wav	Running_water
YAZmZ6kfHm1M_0.000_10.000.wav	Running_water
YAa_maNDcSOw_0.000_4.010.wav	Running_water
YAbj_Mr9vSF4_0.000_8.795.wav	Frying
YAbt-fZfXT3g_0.000_9.940.wav	Running_water
YAdC7VM5iayo_0.000_10.000.wav	Alarm_bell_ringing
YAdT_D9X6sXw_0.000_9.405.wav	Running_water
YAeqkD4U_KvU_0.000_5.132.wav	Alarm_bell_ringing
YAgPBflnMOss_0.000_10.000.wav	Vacuum_cleaner
YAj5uXT-2Mps_0.000_9.747.wav	Running_water
YAq9QPtfMuO4_0.000_10.000.wav	Electric_shaver_toothbrush
YAuCSBtuEI-k_0.000_10.000.wav	Vacuum_cleaner
YAuM1rU__KQA_0.000_10.000.wav	Blender
YAxt_nGcrTR8_0.000_3.138.wav	Running_water
YB4d09kEOrS0_0.000_10.000.wav	Blender
YB6uxhGolQpo_0.000_10.000.wav	Vacuum_cleaner
YB8Xv04otTos_0.000_10.000.wav	Vacuum_cleaner
YB9heGupPnrA_0.000_10.000.wav	Vacuum_cleaner
YBIMZ4xizgBc_0.000_1.738.wav	Alarm_bell_ringing
YBKNZ1V5Vwio_0.000_7.741.wav	Frying
YBNUpvKtFrlM_0.000_1.248.wav	Dishes
YBSUZp6JIM38_0.000_10.000.wav	Running_water
YBUqBatiRaS0_0.000_0.457.wav	Frying
YBbe0SLalfds_0.000_9.907.wav	Alarm_bell_ringing
YBq7pJ8J8iQ8_0.000_6.320.wav	Vacuum_cleaner
YBv7HaboieiI_0.000_10.000.wav	Alarm_bell_ringing
YC08BB39CkeU_0.000_7.181.wav	Alarm_bell_ringing
YC2ZwwKIThvU_0.000_8.359.wav	Blender
YC61p3UzHJlc_0.000_10.000.wav	Frying
YC6G6Clcqhvs_0.000_10.000.wav	Blender
YC6Ljue5PzIU_0.000_9.884.wav	Running_water
YC7D1GjuDQVA_0.000_4.638.wav	Dishes
YC8NPjvCLGak_0.000_2.280.wav	Blender
YC9RkVD1AgtU_0.000_10.000.wav	Frying
YCAPCNEViaeo_0.000_10.000.wav	Running_water
YCCywFuWAucg_0.000_10.000.wav	Vacuum_cleaner
YCG6PGt5GazM_0.000_4.645.wav	Blender
YCJqlLZZano4_0.000_3.691.wav	Dishes
YCQEYmvZRDtM_0.000_10.000.wav	Vacuum_cleaner
YCSkW8JWWITY_0.000_3.700.wav	Alarm_bell_ringing
YCYLZnd9SB7Y_0.000_0.578.wav	Blender
YCb72bJyShuM_0.000_8.946.wav	Vacuum_cleaner
YCeyeVxQTXts_0.000_4.570.wav	Alarm_bell_ringing
YCfij00R-8Zs_0.000_4.273.wav	Dishes
YCgGDTDmu6Qk_0.000_10.000.wav	Vacuum_cleaner
YClD5nZPCYpo_0.000_10.000.wav	Electric_shaver_toothbrush
YCsHx08b_Mmo_0.000_10.000.wav	Vacuum_cleaner
YCutZRlwZcZU_0.000_10.000.wav	Vacuum_cleaner
YD4gbzWirkwQ_0.000_10.000.wav	Vacuum_cleaner
YD5LEHkIb3pI_0.000_9.917.wav	Frying
YDG89TFpzMmg_0.000_9.914.wav	Vacuum_cleaner
YDJ67WIInEfQ_0.000_4.276.wav	Electric_shaver_toothbrush
YDNSbY2bKAyE_0.000_9.246.wav	Vacuum_cleaner
YDPHu5KujHNc_0.000_10.000.wav	Running_water
YDWZjGH0sXXU_0.000_2.465.wav	Alarm_bell_ringing
YDanK-ZvjgN4_0.000_3.734.wav	Running_water
YDgElEEFPRaE_0.000_4.300.wav	Blender
YDgFHRdGc8uQ_0.000_10.000.wav	Running_water
YDshGlHW-Gso_0.000_3.871.wav	Electric_shaver_toothbrush
YDvo5gaHHMss_0.000_10.000.wav	Alarm_bell_ringing
YDxl06F35zRU_0.000_7.142.wav	Alarm_bell_ringing
YE-mM8vAFS-c_0.000_7.764.wav	Vacuum_cleaner
YE8Yi41OgpWo_0.000_4.293.wav	Alarm_bell_ringing
YEAPXZYrMD38_0.000_5.910.wav	Vacuum_cleaner
YEDAJyMTNzdU_0.000_9.873.wav	Running_water
YEFtHGHtwF1A_0.000_9.455.wav	Vacuum_cleaner
YEOEVEf6q_Ms_0.000_0.406.wav	Dishes
YEZ5m9JARwBM_0.000_5.411.wav	Vacuum_cleaner
YEbMfK3MVPYU_0.000_5.585.wav	Alarm_bell_ringing
YEqCEkkd_c_I_0.000_5.393.wav	Alarm_bell_ringing
YEsPtgM0aEtI_0.000_10.000.wav	Electric_shaver_toothbrush
YExjkmiWArck_0.000_8.069.wav	Frying
YF56fFsSYrj8_0.000_6.544.wav	Alarm_bell_ringing
YFBmIdVwK4d4_0.000_10.000.wav	Running_water
YFDNj1d8V-9g_0.000_3.291.wav	Vacuum_cleaner
YFDcbH82VwxI_0.000_9.280.wav	Vacuum_cleaner
YFOcS12s5mmI_0.000_10.000.wav	Vacuum_cleaner
YFRho6fbN91k_0.000_10.000.wav	Running_water
YF_EGkmOEU6s_0.000_8.930.wav	Frying
YFawyLfqTsqs_0.000_4.834.wav	Vacuum_cleaner
YFl6VgLJBfZI_0.000_8.119.wav	Alarm_bell_ringing
YFmhReQEt-eg_0.000_2.587.wav	Running_water
YFoAmYrmOvbU_0.000_10.000.wav	Frying
YFofzmaOwL9I_0.000_6.972.wav	Running_water
YFuWDfaQjbvs_0.000_9.442.wav	Alarm_bell_ringing
YG-YrqazRGTo_0.000_10.000.wav	Electric_shaver_toothbrush
YG25fk1hnP30_0.000_1.437.wav	Dishes
YG9THIahRtIg_0.000_10.000.wav	Alarm_bell_ringing
YGCETAb5PT7I_0.000_8.783.wav	Running_water
YGH_MVIMQFHM_0.000_7.553.wav	Electric_shaver_toothbrush
YGRpuXhXjAmk_0.000_1.478.wav	Dishes
YGUk84jnXRBQ_0.000_3.705.wav	Dishes
YGaVEjL__sc8_0.000_7.720.wav	Running_water
YGrD9MBHKnNI_0.000_9.180.wav	Vacuum_cleaner
YGx_Tfbrmfvs_0.000_5.517.wav	Running_water
YHN8v2mMMc9c_0.000_8.506.wav	Alarm_bell_ringing
YH_KNJ52nAiM_0.000_2.322.wav	Running_water
YHgAWCQ5fvaY_0.000_6.456.wav	Running_water
YHn1UNGYvikE_0.000_10.000.wav	Vacuum_cleaner
YHoBWL3qAnGU_0.000_0.858.wav	Alarm_bell_ringing
YHpt4oDpqQ94_0.000_10.000.wav	Vacuum_cleaner
YI1Qr1n4gyik_0.000_7.299.wav	Running_water
YI2jVlVaFyD0_0.000_7.068.wav	Vacuum_cleaner
YIBZM13fbFHI_0.000_5.307.wav	Running_water
YIISdb2xY1c8_0.000_6.058.wav	Electric_shaver_toothbrush
YIJCt1QRXB2c_0.000_3.163.wav	Alarm_bell_ringing
YINo6GZA4JmI_0.000_3.996.wav	Alarm_bell_ringing
YIWO1f7E0CF4_0.000_4.876.wav	Running_water
YIYie9f5Zoi4_0.000_9.249.wav	Running_water
YIZmZEQiMQXo_0.000_6.327.wav	Running_water
YIb7cg0gudCs_0.000_10.000.wav	Vacuum_cleaner
YIdGB-Q2p-eM_0.000_3.714.wav	Dishes
YIl2uf1KAnt4_0.000_2.376.wav	Vacuum_cleaner
YIlVuPQ11gzM_0.000_9.930.wav	Vacuum_cleaner
YImI6wq8MZHI_0.000_9.550.wav	Alarm_bell_ringing
YIrDw7HMy630_0.000_0.756.wav	Running_water
YJ1EO9afbq4U_0.000_7.821.wav	Alarm_bell_ringing
YJ9TypJdxLcI_0.000_2.374.wav	Dishes
YJHY4kY-D7U0_0.000_5.948.wav	Vacuum_cleaner
YJPUb0c4hUgY_0.000_10.000.wav	Vacuum_cleaner
YJSfuu1BOwRo_0.000_3.205.wav	Running_water
YJT4g4usFWiI_0.000_3.917.wav	Dishes
YJTk_7jVeW64_0.000_9.930.wav	Vacuum_cleaner
YJUfqY02LE8o_0.000_9.225.wav	Alarm_bell_ringing
YJjrgFhpGlB8_0.000_10.000.wav	Running_water
YJrMC4UZxulw_0.000_10.000.wav	Vacuum_cleaner
YJz9r4H9kaTI_0.000_4.918.wav	Dishes
YK68PjrSv1zY_0.000_4.090.wav	Vacuum_cleaner
YK8pU44rsLJY_0.000_3.460.wav	Vacuum_cleaner
YK9GDTXuoqp4_0.000_3.402.wav	Alarm_bell_ringing
YKH22JqqjVA8_0.000_10.000.wav	Vacuum_cleaner
YKRPlcAANvn0_0.000_10.000.wav	Running_water
YKWfj_tzrlxM_0.000_1.460.wav	Vacuum_cleaner
YKWxy6GNZIOM_0.000_10.000.wav	Running_water
YKXzsUM_hd04_0.000_10.000.wav	Alarm_bell_ringing
YK_nRJ9wSrJo_0.000_4.527.wav	Alarm_bell_ringing
YKaTlXvarwgc_0.000_0.548.wav	Running_water
YKkNOG6LDB08_0.000_2.902.wav	Running_water
YKlhaNw2GOdI_0.000_7.636.wav	Alarm_bell_ringing
YL-shyM-lAF4_0.000_5.244.wav	Alarm_bell_ringing
YL2YkwcKaus4_0.000_10.000.wav	Alarm_bell_ringing
YL9_QOpRG8s8_0.000_4.232.wav	Alarm_bell_ringing
YLYcW_eTDHQU_0.000_0.485.wav	Running_water
YLgf99OrWOVM_0.000_3.918.wav	Alarm_bell_ringing
YLjlszWDz1Js_0.000_10.000.wav	Running_water
YM5WdAtpjhuE_0.000_7.982.wav	Running_water
YM5chN5WgE4g_0.000_8.394.wav	Running_water
YMAKDYhkqEuM_0.000_4.639.wav	Alarm_bell_ringing
YMU-mjwNA8WA_0.000_5.593.wav	Alarm_bell_ringing
YN3K9gKi72D8_0.000_9.942.wav	Electric_shaver_toothbrush
YNVG6edrUkZE_0.000_8.204.wav	Running_water
YNc2S-9oUB8M_0.000_3.178.wav	Alarm_bell_ringing
YNhIzjgScWG8_0.000_10.000.wav	Running_water
YO8fDStDVZGc_0.000_8.830.wav	Running_water
YOFPWxYhuqkM_0.000_4.970.wav	Running_water
YONh6Jb2MbSo_0.000_1.301.wav	Running_water
YOUxnwfKtTE0_0.000_10.000.wav	Running_water
YOk5fxdkbVvY_0.000_3.660.wav	Running_water
YOvIWDoKqVyo_0.000_10.000.wav	Running_water
YOz54Auev9eU_0.000_7.820.wav	Running_water
YPNjr19PWgs8_0.000_9.683.wav	Running_water
YP_LNQaKzuik_0.000_6.650.wav	Alarm_bell_ringing
YPfc9MUPk0dw_0.000_9.119.wav	Running_water
YPjRYAwDxo6I_0.000_9.682.wav	Electric_shaver_toothbrush
YPpKpwTI1REQ_0.000_3.820.wav	Alarm_bell_ringing
YPsbbXhvgzKU_0.000_10.000.wav	Running_water
YPsgvPFOr-TM_0.000_6.087.wav	Running_water
YPti94mTT8SY_0.000_4.040.wav	Alarm_bell_ringing
YQSgqjJ2iglM_0.000_5.189.wav	Alarm_bell_ringing
YR6kfdRoG4no_0.000_9.576.wav	Running_water
YRMfA-0f-aDk_0.000_5.790.wav	Alarm_bell_ringing
YRpPWfr_1GbA_0.000_6.518.wav	Running_water
YRr2e7xqYDzs_0.000_4.905.wav	Running_water
YRydJj9VhwPA_0.000_10.000.wav	Running_water
YS1mcQ3hgKLM_0.000_2.680.wav	Running_water
YS7_mWTET9to_0.000_10.000.wav	Running_water
YSagw-Umk5O8_0.000_9.942.wav	Running_water
YSdxSgz-RrHQ_0.000_10.000.wav	Running_water
YSo2BdqpfkK0_0.000_10.000.wav	Running_water
YTJQ2QmTpdiY_0.000_10.000.wav	Electric_shaver_toothbrush
YTLs3b0dV8Ew_0.000_10.000.wav	Alarm_bell_ringing
YTSnq6n8tElo_0.000_9.854.wav	Dishes
YTZmFozrJ7BE_0.000_10.000.wav	Alarm_bell_ringing
YTadbPYUHAvs_0.000_7.162.wav	Running_water
YTgp484iUwEg_0.000_10.000.wav	Alarm_bell_ringing
YTx8HKkQEPrc_0.000_7.409.wav	Alarm_bell_ringing
YU0gtX-O9xC4_0.000_6.420.wav	Running_water
YU10g6Ou2A58_0.000_9.509.wav	Alarm_bell_ringing
YU4nhmciONvk_0.000_0.890.wav	Alarm_bell_ringing
YUHsYJU1ACQA_0.000_8.236.wav	Running_water
YUNfv0yWhLoo_0.000_4.180.wav	Running_water
YURyhcd-H3lY_0.000_10.000.wav	Electric_shaver_toothbrush
YUtFWit1DrMk_0.000_7.627.wav	Alarm_bell_ringing
YV3FZKiKjGwE_0.000_9.225.wav	Running_water
YVSJKA5dBm1A_0.000_6.510.wav	Running_water
YVbPjWw7pRzo_0.000_6.099.wav	Alarm_bell_ringing
YWQsD5BeHcVM_0.000_5.255.wav	Alarm_bell_ringing
YWpaOXMCen7s_0.000_6.463.wav	Alarm_bell_ringing
YWvGEDbhCAps_0.000_2.940.wav	Alarm_bell_ringing
YX6U476H2pWw_0.000_5.654.wav	Alarm_bell_ringing
YXOxXhQAmuYM_0.000_3.651.wav	Alarm_bell_ringing
YXiu_VGdKi4o_0.000_2.418.wav	Alarm_bell_ringing
YYTdVeMwwYkY_0.000_6.720.wav	Alarm_bell_ringing
Y_KNIJQJ-CHA_0.000_10.000.wav	Alarm_bell_ringing
YaCVJyp88tpM_0.000_0.919.wav	Alarm_bell_ringing
Yb2o_IFW-9HQ_0.000_8.343.wav	Alarm_bell_ringing
YdnFtHhbyprM_0.000_2.849.wav	Dishes
YeqfEs_qSGHY_0.000_8.838.wav	Electric_shaver_toothbrush
YfR5heE6goDA_0.000_10.000.wav	Electric_shaver_toothbrush
YfjcfhE22AVQ_0.000_3.069.wav	Alarm_bell_ringing
YfrHnRirNcZ0_0.000_10.000.wav	Electric_shaver_toothbrush
Yhx-l6uiP3Hs_0.000_10.000.wav	Vacuum_cleaner
YiUMViXPOP78_0.000_4.145.wav	Dishes
YkD_sM3ZF514_0.000_2.700.wav	Alarm_bell_ringing
Yl8ImMjuK29M_0.000_4.844.wav	Alarm_bell_ringing
YmRDg0StdLrE_0.000_10.000.wav	Electric_shaver_toothbrush
Yo0SriWFnPZc_0.000_8.922.wav	Electric_shaver_toothbrush
YoFcRyerYBfM_0.000_3.044.wav	Alarm_bell_ringing
YpSWPHSz6jHE_0.000_10.000.wav	Electric_shaver_toothbrush
YqGDaSUy-llQ_0.000_4.617.wav	Alarm_bell_ringing
Yr4auqsn1UuA_0.000_3.337.wav	Alarm_bell_ringing
YtLgYuO-w638_0.000_2.398.wav	Alarm_bell_ringing
YtNr5TNpI_SY_0.000_3.197.wav	Alarm_bell_ringing
YyNNf4uTzPjQ_0.000_0.970.wav	Alarm_bell_ringing
YylADXwDnjwY_0.000_5.285.wav	Alarm_bell_ringing
